{"short_name":"FLASH VIP TIPS","name":"FLASH VIP TIPS","homepage":"https://flashviptips.com","version":"0.1.0","description":"Get all the latest ✓Fixed VIP Tips ✓Football Predictions, ✓Latest Football Betting Odds and livescores, results & fixtures for all leagues and competitions, including the Premier League, Championship and across the world.","icons":[{"src":"favicon.ico","sizes":"64x64 32x32 24x24 16x16","type":"image/x-icon"},{"src":"maskable_icon.png","sizes":"196x196","type":"image/png"},{"src":"logo32.png","type":"image/png","sizes":"32x32"},{"src":"logo48.png","sizes":"48x48","type":"image/png"},{"src":"logo64.png","type":"image/png","sizes":"64x64"},{"src":"logo96.png","sizes":"96x96","type":"image/png"},{"src":"logo128.png","type":"image/png","sizes":"128x128"},{"src":"logo192.png","type":"image/png","sizes":"192x192"},{"src":"logo512.png","type":"image/png","sizes":"512x512","purpose":"maskable"},{"src":"maskable_icon.png","type":"image/png","sizes":"512x512","purpose":"maskable"}],"shortcuts":[{"name":"View Latest Tips","short_name":"Latest Tips","description":"Access the latest fixed VIP tips and predictions.","url":"/tips","icons":[{"src":"icons/logo192.png","sizes":"192x192","type":"image/png"}]},{"name":"Today's Predictions","short_name":"Today's Tips","description":"Check for toda's VIP Tips.","url":"/tips","icons":[{"src":"icons/logo192.png","sizes":"192x192","type":"image/png"}]}],"service_worker":{"src":"/service-worker.js","scope":"/","type":"classic"},"developer":{"name":"flashviptips","url":"https://flashviptips.com"},"repository":{"type":"git","url":"https://github.com/Kkibe/powerking-aruna"},"license":"ISC/MIT","keywords":["Football Predictions","Betting Odds","Live Scores","Betika","Sportpesa","365Bet","Live Sports","Football Results","Football Fixtures","Football Today","Online Betting","Sports","Odibets","Premier League","Championship","Super Sports","Laliga","Bundesliga","Serie A","Live Bet","Casino"],"dir":"ltr","lang":"en","start_url":"/","scope":"/","display":"standalone","theme_color":"#00BFFF","background_color":"#AFEEEE","orientation":"portrait","categories":["Utilities","Sports","Betting","Productivity","Social","News","Tools","Gambling"]}